,Unnamed: 0,TEAM,GP,PPG,FGM-game,FGA-game,FGM-total,FGA-total,FG%,2PM,2PA,2P%,PPS,FG%.adj,team,games_played,assist,assist_per_game,turnover,turnover_per_game,assist/to
0,0,gonzaga,33,88.8,32.2,60.5,1062,1997,0.532,805,1293,0.623,1.47,0.596,Gonzaga,33,601,18.2,342,10.4,1.76
1,1,south dakota state,32,84.9,29.9,59.4,957,1901,0.503,639,1125,0.568,1.43,0.5870000000000001,South Dakota State,32,476,14.9,379,11.8,1.26
2,2,dayton,32,72.9,27.3,54.2,872,1734,0.503,672,1135,0.5920000000000001,1.35,0.561,Dayton,32,529,16.5,403,12.6,1.31
3,3,belmont,31,87.4,31.8,63.7,987,1976,0.499,662,1105,0.599,1.37,0.5820000000000001,Belmont,31,616,19.9,360,11.6,1.71
4,4,georgia southern,33,82.6,30.7,61.5,1012,2028,0.499,808,1396,0.579,1.34,0.5489999999999999,Georgia Southern,33,403,12.2,452,13.7,0.89
5,5,tennessee,33,82.3,30.0,60.2,991,1988,0.498,766,1359,0.564,1.37,0.555,Tennessee,33,609,18.5,363,11.0,1.68
6,6,montana,34,76.8,28.1,56.6,955,1923,0.49700000000000005,674,1184,0.569,1.36,0.57,Montana,34,500,14.7,408,12.0,1.23
7,7,murray state,31,83.3,30.3,61.0,938,1890,0.496,696,1195,0.5820000000000001,1.37,0.56,Murray State,31,561,18.1,374,12.1,1.5
8,8,yale,28,80.6,29.8,60.3,834,1687,0.494,617,1101,0.56,1.34,0.5589999999999999,Yale,28,484,17.3,375,13.4,1.29
9,9,loyola-chicago,33,65.8,24.4,49.5,805,1632,0.493,604,1083,0.5579999999999999,1.33,0.555,Loyola-Chicago,33,448,13.6,393,11.9,1.14
10,10,wofford,33,83.0,30.2,61.3,997,2022,0.493,633,1148,0.551,1.35,0.583,Wofford,33,507,15.4,359,10.9,1.41
11,11,liberty,34,74.0,27.1,55.2,921,1878,0.49,621,1061,0.585,1.34,0.57,Liberty,34,505,14.9,373,11.0,1.35
12,12,michigan state,33,79.2,27.9,57.2,922,1889,0.488,649,1177,0.551,1.38,0.56,Michigan State,33,630,19.1,428,13.0,1.47
13,13,gardner-webb,34,78.3,27.4,56.2,933,1912,0.488,661,1216,0.544,1.39,0.5589999999999999,Gardner-Webb,34,492,14.5,391,11.5,1.26
14,14,hofstra,34,83.6,28.6,58.5,971,1990,0.488,670,1216,0.551,1.43,0.564,Hofstra,34,476,14.0,333,9.8,1.43
15,15,east tennessee state,33,79.2,29.4,60.6,971,2001,0.485,710,1276,0.556,1.31,0.55,East Tennessee State,33,513,15.5,470,14.2,1.09
16,16,utah valley,33,77.2,26.6,54.9,879,1812,0.485,611,1115,0.5479999999999999,1.41,0.5589999999999999,Utah Valley,33,455,13.8,447,13.5,1.02
17,17,little rock,31,74.2,26.4,54.4,817,1687,0.484,611,1105,0.5529999999999999,1.36,0.545,Little Rock,31,443,14.3,504,16.3,0.88
18,18,charleston,33,74.3,26.6,55.1,878,1818,0.483,651,1151,0.5660000000000001,1.35,0.545,Charleston,33,387,11.7,347,10.5,1.12
19,19,lipscomb,32,83.4,29.1,60.2,930,1926,0.483,650,1171,0.555,1.39,0.556,Lipscomb,32,555,17.3,425,13.3,1.31
20,20,northeastern,33,76.1,26.2,54.3,864,1791,0.48200000000000004,542,961,0.564,1.4,0.5720000000000001,Northeastern,33,473,14.3,371,11.2,1.27
21,21,lehigh,31,80.0,27.6,57.3,856,1775,0.48200000000000004,569,1096,0.519,1.4,0.563,Lehigh,31,471,15.2,419,13.5,1.12
22,22,creighton,32,78.8,28.2,58.4,901,1870,0.48200000000000004,553,987,0.56,1.35,0.575,Creighton,32,512,16.0,420,13.1,1.22
23,23,northern kentucky,34,79.1,28.1,58.4,956,1986,0.48100000000000004,655,1163,0.563,1.35,0.557,Northern Kentucky,34,581,17.1,423,12.4,1.37
24,24,purdue fort wayne,33,82.7,30.0,62.4,991,2059,0.48100000000000004,631,1110,0.568,1.32,0.569,Purdue Fort Wayne,33,525,15.9,395,12.0,1.33
25,25,boston university,33,72.3,27.9,58.2,922,1922,0.48,701,1283,0.546,1.24,0.537,Boston University,33,447,13.5,425,12.9,1.05
26,26,colgate,34,75.8,27.4,57.0,930,1939,0.48,625,1153,0.542,1.33,0.5579999999999999,Colgate,34,531,15.6,443,13.0,1.2
27,27,kentucky,33,76.7,26.6,55.6,878,1835,0.478,679,1288,0.527,1.38,0.5329999999999999,Kentucky,33,457,13.8,417,12.6,1.1
28,28,virginia,32,71.8,25.6,53.6,820,1715,0.478,549,1052,0.522,1.34,0.557,Virginia,32,464,14.5,289,9.0,1.61
29,29,fairleigh dickinson,33,75.4,26.5,55.6,876,1834,0.478,622,1205,0.516,1.36,0.547,Fairleigh Dickinson,33,466,14.1,441,13.4,1.06
30,30,duke,34,83.5,30.5,63.9,1037,2173,0.47700000000000004,790,1355,0.583,1.31,0.534,Duke,34,541,15.9,446,13.1,1.21
31,31,iowa state,34,77.4,28.0,58.6,951,1994,0.47700000000000004,663,1205,0.55,1.32,0.5489999999999999,Iowa State,34,518,15.2,378,11.1,1.37
32,32,colorado state,32,74.8,27.1,56.8,866,1818,0.47600000000000003,607,1096,0.5539999999999999,1.32,0.5479999999999999,Colorado State,32,472,14.8,372,11.6,1.27
33,33,furman,32,77.9,28.3,59.4,904,1900,0.47600000000000003,574,992,0.579,1.31,0.563,Furman,32,510,15.9,401,12.5,1.27
34,34,weber state,33,79.3,27.9,58.6,920,1934,0.47600000000000003,671,1250,0.537,1.35,0.54,Weber State,33,383,11.6,386,11.7,0.99
35,35,virginia tech,32,74.0,25.8,54.2,824,1733,0.475,517,954,0.542,1.37,0.564,Virginia Tech,32,491,15.3,364,11.4,1.35
36,36,omaha,32,78.8,29.7,62.4,950,1998,0.475,668,1279,0.522,1.26,0.546,Omaha,32,409,12.8,304,9.5,1.35
37,37,william & mary,31,74.9,27.1,57.2,841,1773,0.474,587,1038,0.5660000000000001,1.31,0.546,William & Mary,31,529,17.1,391,12.6,1.35
38,38,american,30,72.0,26.0,54.8,780,1645,0.474,590,1061,0.556,1.31,0.532,American,30,402,13.4,386,12.9,1.04
39,39,abilene christian,33,74.5,26.7,56.3,880,1858,0.474,634,1221,0.519,1.32,0.54,Abilene Christian,33,516,15.6,397,12.0,1.3
40,40,utah state,34,79.2,27.6,58.4,940,1985,0.474,673,1233,0.546,1.36,0.541,Utah State,34,585,17.2,426,12.5,1.37
41,41,saint mary's,33,72.9,26.5,56.1,876,1850,0.474,631,1202,0.525,1.3,0.54,Saint Mary's,33,332,10.1,349,10.6,0.95
42,42,umass lowell,32,76.8,27.3,57.9,875,1852,0.47200000000000003,629,1131,0.556,1.33,0.539,UMass Lowell,32,500,15.6,446,13.9,1.12
43,43,austin peay,33,82.2,29.5,62.4,973,2060,0.47200000000000003,705,1358,0.519,1.32,0.537,Austin Peay,33,454,13.8,392,11.9,1.16
44,44,samford,33,78.3,27.9,59.1,921,1951,0.47200000000000003,667,1264,0.528,1.32,0.537,Samford,33,461,14.0,463,14.0,1.0
45,45,mississippi state,33,77.3,27.6,58.5,911,1930,0.47200000000000003,627,1178,0.532,1.32,0.546,Mississippi State,33,474,14.4,439,13.3,1.08
46,46,richmond,33,70.1,25.7,54.5,849,1800,0.47200000000000003,598,1077,0.555,1.29,0.541,Richmond,33,519,15.7,336,10.2,1.54
47,47,texas tech,32,73.1,26.2,55.5,837,1775,0.47200000000000003,605,1144,0.529,1.32,0.537,Texas Tech,32,449,14.0,396,12.4,1.13
48,48,northern illinois,34,73.7,27.6,58.7,940,1995,0.47100000000000003,711,1353,0.525,1.26,0.529,Northern Illinois,34,374,11.0,403,11.9,0.93
49,49,drake,33,75.5,26.7,56.6,880,1868,0.47100000000000003,607,1118,0.5429999999999999,1.33,0.544,Drake,33,508,15.4,436,13.2,1.17
50,50,ball state,33,75.1,26.9,57.3,889,1892,0.47,687,1271,0.541,1.31,0.523,Ball State,33,426,12.9,480,14.5,0.89
51,51,boise state,33,71.6,25.6,54.6,845,1801,0.469,593,1086,0.546,1.31,0.539,Boise State,33,398,12.1,378,11.5,1.05
52,52,xavier,33,71.9,26.1,55.8,862,1843,0.46799999999999997,631,1149,0.5489999999999999,1.29,0.53,Xavier,33,488,14.8,443,13.4,1.1
53,53,byu,32,79.0,27.4,58.7,878,1878,0.46799999999999997,652,1194,0.546,1.35,0.528,BYU,32,482,15.1,355,11.1,1.36
54,54,southern miss,32,72.7,27.4,58.6,877,1876,0.467,612,1193,0.513,1.24,0.5379999999999999,Southern Miss,32,540,16.9,338,10.6,1.6
55,55,san francisco,31,76.1,27.9,59.7,864,1851,0.467,606,1124,0.539,1.27,0.536,San Francisco,31,439,14.2,321,10.4,1.37
56,56,depaul,30,76.9,27.6,59.1,827,1772,0.467,624,1183,0.527,1.3,0.524,DePaul,30,438,14.6,413,13.8,1.06
57,57,southern illinois,32,68.6,25.1,53.8,802,1720,0.466,589,1150,0.512,1.28,0.528,Southern Illinois,32,438,13.7,447,14.0,0.98
58,58,incarnate word,31,65.9,22.9,49.3,711,1527,0.466,537,1019,0.527,1.34,0.523,Incarnate Word,31,354,11.4,502,16.2,0.71
59,59,georgia state,32,77.2,27.0,58.1,865,1858,0.466,549,1044,0.526,1.33,0.551,Georgia State,32,402,12.6,374,11.7,1.07
60,60,nevada,33,80.7,27.4,58.9,905,1944,0.466,613,1113,0.551,1.37,0.541,Nevada,33,494,15.0,338,10.2,1.46
61,61,oakland,33,76.7,26.2,56.3,863,1858,0.46399999999999997,549,1042,0.527,1.36,0.5489999999999999,Oakland,33,580,17.6,425,12.9,1.36
62,62,north dakota,30,74.0,27.4,59.0,822,1771,0.46399999999999997,581,1124,0.517,1.25,0.532,North Dakota,30,398,13.3,380,12.7,1.05
63,63,utah,31,75.6,26.0,56.0,805,1735,0.46399999999999997,507,929,0.546,1.35,0.55,Utah,31,440,14.2,405,13.1,1.09
64,64,north carolina,33,86.1,31.0,66.9,1023,2207,0.46399999999999997,734,1416,0.518,1.29,0.529,North Carolina,33,628,19.0,430,13.0,1.46
65,65,ucf,31,72.1,24.7,53.3,765,1652,0.46299999999999997,554,1056,0.525,1.35,0.527,UCF,31,411,13.3,366,11.8,1.12
66,66,oregon state,31,73.4,25.8,55.7,800,1728,0.46299999999999997,597,1095,0.545,1.32,0.522,Oregon State,31,465,15.0,384,12.4,1.21
67,67,buffalo,34,84.9,30.4,65.7,1033,2234,0.462,708,1265,0.56,1.29,0.535,Buffalo,34,573,16.9,399,11.7,1.44
68,68,holy cross,33,67.2,25.7,55.6,848,1834,0.462,611,1164,0.525,1.21,0.527,Holy Cross,33,511,15.5,350,10.6,1.46
69,69,csu northridge,33,76.3,28.4,61.4,936,2025,0.462,709,1405,0.505,1.24,0.518,CSU Northridge,33,491,14.9,403,12.2,1.22
70,70,northern colorado,32,76.6,26.5,57.4,849,1837,0.462,542,988,0.5489999999999999,1.33,0.546,Northern Colorado,32,422,13.2,397,12.4,1.06
71,71,kansas,34,75.4,27.3,59.1,928,2008,0.462,682,1306,0.522,1.28,0.523,Kansas,34,453,13.3,455,13.4,1.0
72,72,jacksonville state,33,78.0,28.9,62.5,953,2063,0.462,753,1429,0.527,1.25,0.51,Jacksonville State,33,451,13.7,440,13.3,1.03
73,73,lsu,32,81.4,28.5,61.7,912,1975,0.462,693,1297,0.534,1.32,0.517,LSU,32,420,13.1,423,13.2,0.99
74,74,radford,33,73.9,27.1,58.7,893,1938,0.461,608,1187,0.512,1.26,0.534,Radford,33,467,14.2,358,10.8,1.3
75,75,south alabama,34,72.9,25.5,55.4,867,1883,0.46,582,1122,0.519,1.32,0.536,South Alabama,34,471,13.9,456,13.4,1.03
76,76,drexel,32,75.8,27.3,59.4,874,1900,0.46,637,1231,0.517,1.28,0.522,Drexel,32,464,14.5,375,11.7,1.24
77,77,usc,33,76.3,28.4,61.8,937,2039,0.46,656,1304,0.503,1.23,0.528,USC,33,536,16.2,392,11.9,1.37
78,78,sacred heart,32,79.9,27.7,60.2,885,1926,0.46,642,1245,0.516,1.33,0.523,Sacred Heart,32,471,14.7,465,14.5,1.01
79,79,uic,32,74.7,27.0,58.8,865,1883,0.45899999999999996,562,1027,0.547,1.27,0.54,UIC,32,478,14.9,456,14.3,1.05
80,80,ole miss,32,75.4,26.5,57.6,847,1844,0.45899999999999996,586,1115,0.526,1.31,0.53,Ole Miss,32,459,14.3,405,12.7,1.13
81,81,san diego,35,72.3,25.5,55.5,892,1942,0.45899999999999996,618,1158,0.534,1.3,0.53,San Diego,35,503,14.4,443,12.7,1.14
82,82,uc irvine,35,72.9,27.0,58.8,945,2058,0.45899999999999996,707,1398,0.506,1.24,0.517,UC Irvine,35,463,13.2,411,11.7,1.13
83,83,indiana,32,71.5,26.2,57.0,838,1825,0.45899999999999996,645,1210,0.5329999999999999,1.25,0.512,Indiana,32,426,13.3,404,12.6,1.05
84,84,north carolina a&t,32,70.0,25.8,56.2,825,1797,0.45899999999999996,598,1148,0.521,1.25,0.522,North Carolina A&T,32,452,14.1,418,13.1,1.08
85,85,new mexico state,34,78.1,27.6,60.0,937,2041,0.45899999999999996,618,1089,0.5670000000000001,1.3,0.537,New Mexico State,34,500,14.7,403,11.9,1.24
86,86,delaware,33,71.3,25.2,54.8,830,1808,0.45899999999999996,548,1062,0.516,1.3,0.537,Delaware,33,425,12.9,378,11.5,1.12
87,87,loyola (md),32,72.9,26.3,57.4,842,1836,0.45899999999999996,632,1220,0.518,1.27,0.516,Loyola (MD),32,448,14.0,444,13.9,1.01
88,88,marquette,33,77.7,26.3,57.4,869,1895,0.45899999999999996,558,1104,0.505,1.35,0.541,Marquette,33,450,13.6,458,13.9,0.98
89,89,vermont,33,73.9,25.5,55.6,841,1834,0.45899999999999996,584,1105,0.529,1.33,0.529,Vermont,33,390,11.8,361,10.9,1.08
90,90,tcu,33,74.1,26.8,58.7,886,1936,0.45799999999999996,632,1214,0.521,1.26,0.523,TCU,33,535,16.2,454,13.8,1.18
91,91,nc state,33,79.6,29.2,63.8,964,2107,0.45799999999999996,695,1346,0.516,1.25,0.521,NC State,33,501,15.2,419,12.7,1.2
92,92,harvard,28,71.0,25.2,55.0,705,1541,0.457,465,894,0.52,1.29,0.535,Harvard,28,341,12.2,449,16.0,0.76
93,93,loyola marymount,31,67.5,24.0,52.5,744,1627,0.457,598,1167,0.512,1.29,0.502,Loyola Marymount,31,413,13.3,395,12.7,1.05
94,94,ucla,33,78.2,27.8,61.0,919,2012,0.457,663,1291,0.514,1.28,0.52,UCLA,33,472,14.3,466,14.1,1.01
95,95,csu fullerton,33,72.1,25.8,56.4,850,1861,0.457,668,1291,0.517,1.28,0.506,CSU Fullerton,33,397,12.0,437,13.2,0.91
96,96,colorado,33,73.9,25.8,56.5,852,1866,0.457,640,1212,0.528,1.31,0.513,Colorado,33,442,13.4,443,13.4,1.0
97,97,unc greensboro,34,76.0,27.6,60.6,940,2059,0.457,677,1296,0.522,1.26,0.52,UNC Greensboro,34,436,12.8,401,11.8,1.09
98,98,lamar,33,78.7,27.3,59.9,902,1976,0.456,674,1312,0.514,1.31,0.514,Lamar,33,481,14.6,473,14.3,1.02
99,99,houston baptist,30,82.2,28.8,63.2,865,1896,0.456,665,1308,0.508,1.3,0.509,Houston Baptist,30,449,15.0,442,14.7,1.02
100,100,north dakota state,33,73.2,25.1,55.0,828,1816,0.456,513,955,0.537,1.33,0.5429999999999999,North Dakota State,33,383,11.6,349,10.6,1.1
101,101,montana state,32,78.2,26.8,58.8,858,1882,0.456,552,1064,0.519,1.33,0.537,Montana State,32,491,15.3,394,12.3,1.25
102,102,campbell,32,75.8,26.3,57.6,840,1843,0.456,533,951,0.56,1.32,0.539,Campbell,32,469,14.7,325,10.2,1.44
103,103,north carolina central,33,71.4,25.8,56.5,850,1865,0.456,638,1193,0.535,1.26,0.513,North Carolina Central,33,509,15.4,506,15.3,1.01
104,104,oral roberts,32,72.3,26.7,58.6,854,1874,0.456,588,1140,0.516,1.23,0.527,Oral Roberts,32,434,13.6,446,13.9,0.97
105,105,winthrop,30,83.3,28.5,62.6,855,1878,0.455,483,881,0.5479999999999999,1.33,0.5539999999999999,Winthrop,30,460,15.3,456,15.2,1.01
106,106,jacksonville,32,74.5,27.8,61.0,889,1953,0.455,676,1308,0.517,1.22,0.51,Jacksonville,32,457,14.3,462,14.4,0.99
107,107,hartford,33,75.1,25.7,56.5,848,1863,0.455,526,1017,0.517,1.33,0.542,Hartford,33,462,14.0,401,12.2,1.15
108,108,iowa,33,78.3,26.1,57.4,862,1894,0.455,595,1155,0.515,1.36,0.526,Iowa,33,519,15.7,399,12.1,1.3
109,109,toledo,32,77.3,27.4,60.4,878,1933,0.45399999999999996,562,1102,0.51,1.28,0.536,Toledo,32,526,16.4,394,12.3,1.34
110,110,maryland,32,71.3,25.2,55.5,807,1777,0.45399999999999996,575,1120,0.513,1.28,0.519,Maryland,32,423,13.2,420,13.1,1.01
111,111,western carolina,32,72.0,24.8,54.5,792,1744,0.45399999999999996,496,944,0.525,1.32,0.539,Western Carolina,32,389,12.2,576,18.0,0.68
112,112,appalachian state,32,79.9,27.5,60.6,880,1938,0.45399999999999996,588,1124,0.523,1.32,0.529,Appalachian State,32,406,12.7,418,13.1,0.97
113,113,st. john's,33,77.5,27.9,61.5,922,2031,0.45399999999999996,641,1253,0.512,1.26,0.523,St. John's,33,463,14.0,341,10.3,1.36
114,114,fresno state,32,76.5,26.5,58.3,847,1866,0.45399999999999996,505,969,0.521,1.31,0.546,Fresno State,32,457,14.3,400,12.5,1.14
115,115,central michigan,34,82.6,28.2,62.1,959,2113,0.45399999999999996,665,1320,0.504,1.33,0.523,Central Michigan,34,448,13.2,412,12.1,1.09
116,116,grand canyon,33,75.7,26.7,58.9,882,1944,0.45399999999999996,634,1196,0.53,1.28,0.518,Grand Canyon,33,466,14.1,397,12.0,1.17
117,117,pennsylvania,31,72.6,26.5,58.4,821,1810,0.45399999999999996,539,1007,0.535,1.24,0.531,Pennsylvania,31,465,15.0,394,12.7,1.18
118,118,uab,34,70.4,25.9,57.0,879,1938,0.45399999999999996,652,1263,0.516,1.23,0.512,UAB,34,395,11.6,388,11.4,1.02
119,119,uc santa barbara,32,73.4,25.8,56.8,825,1819,0.45399999999999996,621,1225,0.507,1.29,0.51,UC Santa Barbara,32,431,13.5,355,11.1,1.21
120,120,iona,32,76.8,26.1,57.6,835,1842,0.45299999999999996,553,1038,0.5329999999999999,1.33,0.53,Iona,32,421,13.2,396,12.4,1.06
121,121,stanford,31,72.7,26.1,57.5,808,1783,0.45299999999999996,601,1130,0.532,1.26,0.511,Stanford,31,392,12.6,465,15.0,0.84
122,122,wisconsin,33,69.1,25.9,57.1,854,1885,0.45299999999999996,619,1243,0.498,1.21,0.515,Wisconsin,33,421,12.8,315,9.5,1.34
123,123,green bay,33,80.4,28.6,63.2,944,2084,0.45299999999999996,687,1327,0.518,1.27,0.515,Green Bay,33,489,14.8,422,12.8,1.16
124,124,iupui,32,76.1,26.9,59.5,862,1904,0.45299999999999996,636,1236,0.515,1.28,0.512,IUPUI,32,460,14.4,444,13.9,1.04
125,125,florida gulf coast,32,71.3,25.3,55.8,809,1787,0.45299999999999996,540,1063,0.508,1.28,0.528,Florida Gulf Coast,32,449,14.0,481,15.0,0.93
126,126,washington,34,69.8,24.6,54.3,835,1845,0.45299999999999996,581,1111,0.523,1.29,0.521,Washington,34,397,11.7,453,13.3,0.88
127,127,clemson,32,69.0,24.7,54.6,791,1748,0.45299999999999996,584,1119,0.522,1.26,0.512,Clemson,32,394,12.3,427,13.3,0.92
128,128,columbia,28,73.5,27.8,61.4,778,1720,0.452,541,1065,0.508,1.2,0.521,Columbia,28,443,15.8,364,13.0,1.22
129,129,memphis,34,80.6,28.2,62.3,958,2119,0.452,706,1344,0.525,1.29,0.512,Memphis,34,527,15.5,512,15.1,1.03
130,130,dartmouth,30,72.0,26.4,58.3,791,1750,0.452,527,1029,0.512,1.23,0.527,Dartmouth,30,426,14.2,363,12.1,1.17
131,131,ul monroe,33,78.3,25.9,57.3,854,1890,0.452,524,1055,0.49700000000000005,1.37,0.539,UL Monroe,33,461,14.0,373,11.3,1.24
132,132,air force,32,68.1,25.1,55.5,802,1776,0.452,568,1065,0.5329999999999999,1.23,0.517,Air Force,32,434,13.6,423,13.2,1.03
133,133,missouri state,32,68.9,24.2,53.6,774,1714,0.452,550,1065,0.516,1.29,0.517,Missouri State,32,354,11.1,385,12.0,0.92
134,134,michigan,33,70.7,25.9,57.4,855,1894,0.451,589,1137,0.518,1.23,0.522,Michigan,33,458,13.9,294,8.9,1.56
135,135,hawai'i,31,72.3,25.4,56.3,788,1746,0.451,522,995,0.525,1.28,0.527,Hawai'i,31,478,15.4,368,11.9,1.3
136,136,mercer,31,72.5,25.4,56.3,787,1746,0.451,559,1083,0.516,1.29,0.516,Mercer,31,393,12.7,407,13.1,0.97
137,137,california baptist,30,78.3,27.2,60.4,816,1812,0.45,536,1034,0.518,1.3,0.528,California Baptist,30,339,11.3,364,12.1,0.93
138,138,mcneese,30,68.6,24.2,53.7,725,1610,0.45,565,1084,0.521,1.28,0.5,McNeese,30,403,13.4,432,14.4,0.93
139,139,valparaiso,33,66.8,24.3,54.0,802,1783,0.45,617,1198,0.515,1.24,0.502,Valparaiso,33,431,13.1,436,13.2,0.99
140,140,presbyterian,32,78.6,26.9,59.8,860,1912,0.45,513,1000,0.513,1.31,0.541,Presbyterian,32,502,15.7,316,9.9,1.59
141,141,coastal carolina,31,76.3,25.7,57.2,797,1772,0.45,548,1092,0.502,1.33,0.52,Coastal Carolina,31,406,13.1,442,14.3,0.92
142,142,bucknell,33,76.8,26.3,58.4,867,1928,0.45,556,1043,0.5329999999999999,1.31,0.53,Bucknell,33,519,15.7,408,12.4,1.27
143,143,troy,30,72.6,25.8,57.3,773,1719,0.45,537,1015,0.529,1.27,0.518,Troy,30,392,13.1,408,13.6,0.96
144,144,texas southern,34,80.0,27.7,61.6,942,2095,0.45,694,1324,0.524,1.3,0.509,Texas Southern,34,517,15.2,520,15.3,0.99
145,145,oregon,35,70.5,25.3,56.3,886,1971,0.45,620,1196,0.518,1.25,0.517,Oregon,35,467,13.3,413,11.8,1.13
146,146,auburn,34,79.4,27.4,60.9,930,2071,0.449,549,1059,0.518,1.3,0.541,Auburn,34,490,14.4,417,12.3,1.18
147,147,lafayette,30,73.6,26.7,59.5,802,1786,0.449,522,1050,0.49700000000000005,1.24,0.527,Lafayette,30,419,14.0,402,13.4,1.04
148,148,eastern michigan,32,68.8,25.6,57.0,818,1823,0.449,631,1189,0.531,1.21,0.5,Eastern Michigan,32,369,11.5,442,13.8,0.83
149,149,marist,31,67.3,23.8,53.1,739,1647,0.449,494,972,0.508,1.27,0.523,Marist,31,377,12.2,387,12.5,0.97
150,150,houston,33,76.2,26.8,59.6,883,1968,0.449,578,1130,0.512,1.28,0.526,Houston,33,497,15.1,379,11.5,1.31
151,151,grambling,33,71.3,24.3,54.3,803,1791,0.44799999999999995,587,1250,0.47,1.31,0.509,Grambling,33,398,12.1,520,15.8,0.77
152,152,davidson,33,70.5,24.9,55.6,822,1834,0.44799999999999995,522,978,0.534,1.27,0.53,Davidson,33,476,14.4,363,11.0,1.31
153,153,tulsa,32,71.8,24.3,54.1,776,1732,0.44799999999999995,554,1080,0.513,1.33,0.512,Tulsa,32,430,13.4,404,12.6,1.06
154,154,north florida,33,75.3,27.3,61.0,902,2014,0.44799999999999995,594,1117,0.532,1.23,0.524,North Florida,33,520,15.8,535,16.2,0.97
155,155,sacramento state,31,70.9,26.0,58.1,806,1800,0.44799999999999995,631,1273,0.496,1.22,0.496,Sacramento State,31,431,13.9,404,13.0,1.07
156,156,washington state,32,74.8,26.0,58.2,833,1861,0.44799999999999995,532,1033,0.515,1.29,0.528,Washington State,32,478,14.9,439,13.7,1.09
157,157,rider,31,76.8,27.3,61.1,847,1893,0.447,625,1242,0.503,1.26,0.506,Rider,31,450,14.5,415,13.4,1.08
158,158,arizona state,32,77.8,26.6,59.5,851,1903,0.447,619,1223,0.506,1.31,0.508,Arizona State,32,435,13.6,434,13.6,1.0
159,159,idaho state,30,73.3,26.0,58.1,779,1742,0.447,505,990,0.51,1.26,0.526,Idaho State,30,383,12.8,360,12.0,1.06
160,160,the citadel,30,85.1,30.0,67.0,899,2011,0.447,529,935,0.5660000000000001,1.27,0.539,The Citadel,30,462,15.4,386,12.9,1.2
161,161,arkansas,32,75.5,26.4,59.1,845,1892,0.447,604,1188,0.508,1.28,0.51,Arkansas,32,513,16.0,425,13.3,1.21
162,162,western kentucky,34,71.4,25.1,56.2,853,1910,0.447,654,1302,0.502,1.27,0.499,Western Kentucky,34,417,12.3,466,13.7,0.89
163,163,purdue,32,76.2,26.8,60.0,857,1920,0.446,546,1066,0.512,1.27,0.527,Purdue,32,462,14.4,341,10.7,1.35
164,164,uconn,33,73.8,26.5,59.4,874,1959,0.446,622,1227,0.507,1.24,0.51,UConn,33,422,12.8,427,12.9,0.99
165,165,ut martin,31,76.0,27.5,61.8,854,1915,0.446,604,1189,0.508,1.23,0.511,UT Martin,31,441,14.2,418,13.5,1.06
166,166,new orleans,32,71.7,25.9,58.1,829,1859,0.446,647,1326,0.488,1.23,0.495,New Orleans,32,475,14.8,499,15.6,0.95
167,167,njit,33,70.0,24.0,53.9,792,1778,0.445,563,1114,0.505,1.3,0.51,NJIT,33,354,10.7,409,12.4,0.87
168,168,louisiana,32,81.6,28.2,63.2,901,2023,0.445,618,1203,0.514,1.29,0.515,Louisiana,32,488,15.3,423,13.2,1.15
169,169,oklahoma,32,71.2,25.9,58.3,830,1864,0.445,618,1245,0.496,1.22,0.502,Oklahoma,32,406,12.7,390,12.2,1.04
170,170,butler,32,71.8,26.1,58.7,835,1877,0.445,555,1078,0.515,1.22,0.519,Butler,32,418,13.1,350,10.9,1.19
171,171,george mason,33,70.1,25.0,56.2,825,1855,0.445,615,1218,0.505,1.25,0.501,George Mason,33,399,12.1,428,13.0,0.93
172,172,santa clara,31,68.2,23.7,53.3,735,1653,0.445,496,990,0.501,1.28,0.517,Santa Clara,31,416,13.4,433,14.0,0.96
173,173,georgetown,32,79.9,27.2,61.1,869,1955,0.445,605,1219,0.496,1.31,0.512,Georgetown,32,532,16.6,435,13.6,1.22
174,174,texas state,33,72.4,25.6,57.7,846,1905,0.444,608,1182,0.514,1.25,0.507,Texas State,33,481,14.6,440,13.3,1.09
175,175,southern utah,32,75.8,26.2,59.0,838,1887,0.444,578,1135,0.509,1.29,0.513,Southern Utah,32,404,12.6,438,13.7,0.92
176,176,high point,31,68.2,24.6,55.5,763,1719,0.444,583,1136,0.513,1.23,0.496,High Point,31,404,13.0,406,13.1,1.0
177,177,pepperdine,34,75.6,25.4,57.3,865,1949,0.444,552,1130,0.488,1.32,0.524,Pepperdine,34,479,14.1,432,12.7,1.11
178,178,uc riverside,33,65.2,24.0,54.2,792,1787,0.44299999999999995,513,1044,0.491,1.2,0.521,UC Riverside,33,425,12.9,424,12.8,1.0
179,179,unc wilmington,33,76.2,26.7,60.2,880,1986,0.44299999999999995,620,1242,0.499,1.27,0.509,UNC Wilmington,33,495,15.0,435,13.2,1.14
180,180,florida state,34,74.9,25.9,58.4,879,1984,0.44299999999999995,624,1224,0.51,1.28,0.507,Florida State,34,438,12.9,459,13.5,0.95
181,181,chattanooga,32,70.9,26.0,58.8,833,1881,0.44299999999999995,543,1086,0.5,1.21,0.52,Chattanooga,32,418,13.1,408,12.8,1.02
182,182,bowling green,34,78.5,27.8,62.8,945,2134,0.44299999999999995,673,1372,0.491,1.25,0.507,Bowling Green,34,427,12.6,411,12.1,1.04
183,183,brown,30,73.6,25.3,57.2,759,1715,0.44299999999999995,528,1030,0.513,1.29,0.51,Brown,30,385,12.8,427,14.2,0.9
184,184,vcu,32,71.4,25.0,56.6,801,1811,0.442,572,1066,0.537,1.26,0.506,VCU,32,444,13.9,446,13.9,1.0
185,185,smu,32,72.0,26.0,58.9,833,1884,0.442,570,1112,0.513,1.22,0.512,SMU,32,441,13.8,351,11.0,1.26
186,186,james madison,33,70.4,24.9,56.3,821,1859,0.442,578,1189,0.486,1.25,0.507,James Madison,33,403,12.2,420,12.7,0.96
187,187,marshall,33,80.2,28.0,63.5,925,2096,0.441,593,1141,0.52,1.26,0.521,Marshall,33,475,14.4,414,12.5,1.15
188,188,umass,32,70.7,25.3,57.2,808,1831,0.441,552,1099,0.502,1.24,0.511,UMass,32,468,14.6,444,13.9,1.05
189,189,florida international,32,82.6,29.2,66.1,933,2115,0.441,664,1237,0.537,1.25,0.505,Florida International,32,469,14.7,447,14.0,1.05
190,190,idaho,32,67.9,24.3,55.1,778,1764,0.441,527,1086,0.485,1.23,0.512,Idaho,32,399,12.5,431,13.5,0.93
191,191,se louisiana,33,67.4,23.2,52.6,765,1735,0.441,530,1039,0.51,1.28,0.509,SE Louisiana,33,452,13.7,536,16.2,0.84
192,192,sam houston state,32,75.2,26.8,60.8,858,1946,0.441,556,1127,0.493,1.24,0.518,Sam Houston State,32,531,16.6,399,12.5,1.33
193,193,alabama,33,71.8,25.1,56.8,827,1876,0.441,594,1188,0.5,1.26,0.503,Alabama,33,401,12.2,449,13.6,0.89
194,194,georgia,32,71.1,24.3,55.0,776,1761,0.441,566,1108,0.511,1.29,0.5,Georgia,32,423,13.2,506,15.8,0.84
195,195,seton hall,33,73.9,26.2,59.4,863,1959,0.441,632,1245,0.508,1.25,0.499,Seton Hall,33,447,13.5,408,12.4,1.1
196,196,georgia tech,32,65.3,23.6,53.6,755,1714,0.44,579,1141,0.507,1.22,0.49200000000000005,Georgia Tech,32,433,13.5,459,14.3,0.94
197,197,indiana state,31,69.2,24.4,55.5,757,1719,0.44,579,1228,0.47100000000000003,1.25,0.49200000000000005,Indiana State,31,342,11.0,401,12.9,0.85
198,198,baylor,32,71.7,25.5,57.9,816,1854,0.44,562,1106,0.508,1.24,0.509,Baylor,32,443,13.8,424,13.3,1.04
199,199,se missouri st,31,71.5,25.7,58.4,796,1809,0.44,530,1090,0.486,1.22,0.514,SE Missouri St,31,402,13.0,447,14.4,0.9
200,200,western illinois,31,70.9,26.4,60.0,818,1860,0.44,577,1234,0.46799999999999997,1.18,0.505,Western Illinois,31,319,10.3,352,11.4,0.91
201,201,southern,32,64.9,23.5,53.4,752,1710,0.44,572,1166,0.491,1.21,0.49200000000000005,Southern,32,372,11.6,510,15.9,0.73
202,202,villanova,34,74.5,24.7,56.2,840,1912,0.439,479,889,0.539,1.32,0.534,Villanova,34,485,14.3,383,11.3,1.27
203,203,uc davis,31,65.7,23.7,54.0,735,1673,0.439,532,1054,0.505,1.22,0.5,UC Davis,31,375,12.1,412,13.3,0.91
204,204,stephen f. austin,30,70.2,24.8,56.5,745,1696,0.439,544,1108,0.491,1.24,0.499,Stephen F. Austin,30,348,11.6,440,14.7,0.79
205,205,norfolk state,34,73.9,25.0,56.9,849,1935,0.439,586,1222,0.48,1.3,0.507,Norfolk State,34,438,12.9,499,14.7,0.88
206,206,seattle,32,73.5,25.8,58.9,827,1885,0.439,595,1261,0.47200000000000003,1.25,0.5,Seattle,32,372,11.6,390,12.2,0.95
207,207,bethune-cookman,31,73.9,26.9,61.3,833,1899,0.439,629,1264,0.498,1.21,0.49200000000000005,Bethune-Cookman,31,444,14.3,501,16.2,0.89
208,208,temple,32,74.8,26.4,60.2,845,1927,0.439,605,1201,0.504,1.24,0.501,Temple,32,463,14.5,356,11.1,1.3
209,209,florida a&m,31,62.2,23.2,52.9,719,1640,0.43799999999999994,539,1151,0.46799999999999997,1.18,0.493,Florida A&M,31,355,11.5,498,16.1,0.71
210,210,denver,30,69.5,25.2,57.4,755,1723,0.43799999999999994,528,1101,0.48,1.21,0.504,Denver,30,354,11.8,408,13.6,0.87
211,211,prairie view a&m,34,75.0,25.7,58.7,875,1997,0.43799999999999994,665,1322,0.503,1.28,0.491,Prairie View A&M,34,428,12.6,433,12.7,0.99
212,212,south dakota,30,70.6,24.3,55.5,729,1664,0.43799999999999994,502,998,0.503,1.27,0.506,South Dakota,30,382,12.7,324,10.8,1.18
213,213,texas a&m,32,70.4,25.2,57.6,806,1843,0.43700000000000006,602,1180,0.51,1.22,0.493,Texas A&M,32,376,11.8,444,13.9,0.85
214,214,liu brooklyn,32,74.2,25.7,58.8,822,1880,0.43700000000000006,545,1067,0.511,1.26,0.511,LIU Brooklyn,32,430,13.4,471,14.7,0.91
215,215,st. francis (pa),32,76.4,26.9,61.6,861,1970,0.43700000000000006,616,1270,0.485,1.24,0.499,St. Francis (PA),32,402,12.6,392,12.3,1.03
216,216,minnesota,34,70.8,24.7,56.5,840,1922,0.43700000000000006,662,1368,0.484,1.25,0.483,Minnesota,34,506,14.9,408,12.0,1.24
217,217,ohio state,33,69.6,24.2,55.3,797,1824,0.43700000000000006,548,1099,0.499,1.26,0.505,Ohio State,33,470,14.2,414,12.5,1.14
218,218,ohio,31,70.1,25.9,59.3,803,1838,0.43700000000000006,616,1205,0.511,1.18,0.488,Ohio,31,450,14.5,447,14.4,1.01
219,219,wright state,34,73.3,25.3,57.9,860,1969,0.43700000000000006,589,1176,0.501,1.27,0.506,Wright State,34,477,14.0,393,11.6,1.21
220,220,cornell,30,68.7,24.0,54.9,719,1647,0.43700000000000006,486,940,0.517,1.25,0.507,Cornell,30,431,14.4,393,13.1,1.1
221,221,elon,32,70.8,25.4,58.2,812,1862,0.436,477,919,0.519,1.22,0.526,Elon,32,468,14.6,414,12.9,1.13
222,222,louisiana tech,33,72.3,25.5,58.4,840,1928,0.436,587,1172,0.501,1.24,0.501,Louisiana Tech,33,440,13.3,385,11.7,1.14
223,223,cleveland state,31,74.2,25.8,59.2,799,1834,0.436,496,1014,0.489,1.25,0.518,Cleveland State,31,460,14.8,411,13.3,1.12
224,224,san diego state,34,71.7,24.9,57.1,845,1940,0.436,584,1219,0.479,1.26,0.503,San Diego State,34,487,14.3,424,12.5,1.15
225,225,towson,32,67.8,25.3,58.1,810,1860,0.435,630,1310,0.48100000000000004,1.17,0.484,Towson,32,319,10.0,390,12.2,0.82
226,226,canisius,32,70.3,24.9,57.3,798,1834,0.435,542,1043,0.52,1.23,0.505,Canisius,32,466,14.6,412,12.9,1.13
227,227,north texas,33,69.8,25.2,57.9,831,1910,0.435,547,1072,0.51,1.21,0.509,North Texas,33,428,13.0,443,13.4,0.97
228,228,miami,32,71.8,25.2,57.8,805,1851,0.435,537,1046,0.513,1.24,0.507,Miami,32,413,12.9,372,11.6,1.11
229,229,howard,33,79.2,27.7,63.8,914,2104,0.434,680,1461,0.465,1.24,0.49,Howard,33,450,13.6,417,12.6,1.08
230,230,louisville,33,74.5,25.1,57.8,828,1908,0.434,543,1074,0.506,1.29,0.509,Louisville,33,442,13.4,406,12.3,1.09
231,231,siena,33,64.6,23.4,53.9,772,1779,0.434,484,930,0.52,1.2,0.515,Siena,33,415,12.6,322,9.8,1.29
232,232,hampton,31,81.7,27.7,64.0,860,1983,0.434,597,1219,0.49,1.28,0.501,Hampton,31,435,14.0,334,10.8,1.3
233,233,fairfield,31,66.8,24.5,56.6,761,1755,0.434,502,1015,0.495,1.18,0.507,Fairfield,31,401,12.9,436,14.1,0.92
234,234,bradley,34,66.6,23.2,53.6,790,1822,0.434,559,1190,0.47,1.24,0.49700000000000005,Bradley,34,411,12.1,430,12.6,0.96
235,235,texas,32,70.8,25.0,57.8,801,1848,0.433,529,1049,0.504,1.23,0.507,Texas,32,409,12.8,351,11.0,1.17
236,236,utsa,32,77.5,28.0,64.6,896,2068,0.433,602,1213,0.496,1.2,0.504,UTSA,32,420,13.1,402,12.6,1.04
237,237,umbc,34,67.5,24.1,55.7,820,1893,0.433,559,1086,0.515,1.21,0.502,UMBC,34,452,13.3,426,12.5,1.06
238,238,robert morris,33,69.1,24.2,55.9,799,1846,0.433,542,1121,0.483,1.24,0.502,Robert Morris,33,454,13.8,487,14.8,0.93
239,239,maine,32,62.1,23.3,54.0,747,1728,0.43200000000000005,546,1081,0.505,1.15,0.49,Maine,32,471,14.7,459,14.3,1.03
240,240,kent state,32,75.1,26.6,61.5,850,1967,0.43200000000000005,601,1224,0.491,1.22,0.495,Kent State,32,418,13.1,365,11.4,1.15
241,241,eastern illinois,32,71.8,25.8,59.8,826,1912,0.43200000000000005,554,1177,0.47100000000000003,1.2,0.503,Eastern Illinois,32,434,13.6,427,13.3,1.02
242,242,cincinnati,33,71.8,24.9,57.7,822,1903,0.43200000000000005,602,1274,0.473,1.24,0.49,Cincinnati,33,451,13.7,347,10.5,1.3
243,243,tennessee state,30,72.7,25.0,58.0,751,1739,0.43200000000000005,511,1023,0.5,1.25,0.501,Tennessee State,30,342,11.4,497,16.6,0.69
244,244,long beach state,34,74.9,25.8,59.7,877,2031,0.43200000000000005,660,1401,0.47100000000000003,1.25,0.485,Long Beach State,34,399,11.7,479,14.1,0.83
245,245,st. bonaventure,33,66.6,24.3,56.3,802,1858,0.43200000000000005,601,1242,0.484,1.18,0.486,St. Bonaventure,33,408,12.4,408,12.4,1.0
246,246,northern arizona,31,73.0,25.3,58.7,785,1819,0.43200000000000005,526,1070,0.49200000000000005,1.24,0.503,Northern Arizona,31,381,12.3,372,12.0,1.02
247,247,umkc,32,69.4,24.2,56.1,774,1794,0.431,515,1066,0.483,1.24,0.504,UMKC,32,352,11.0,391,12.2,0.9
248,248,saint peter's,32,62.9,22.1,51.2,707,1639,0.431,523,1072,0.488,1.23,0.48700000000000004,Saint Peter's,32,301,9.4,488,15.3,0.62
249,249,kansas state,33,65.8,23.8,55.1,784,1819,0.431,551,1125,0.49,1.19,0.495,Kansas State,33,454,13.8,372,11.3,1.22
250,250,illinois state,33,68.4,24.6,57.2,813,1887,0.431,569,1153,0.493,1.2,0.495,Illinois State,33,421,12.8,417,12.6,1.01
251,251,illinois,33,72.7,26.1,60.6,862,2001,0.431,603,1250,0.48200000000000004,1.2,0.496,Illinois,33,446,13.5,434,13.2,1.03
252,252,binghamton,33,65.2,24.0,55.8,793,1842,0.431,518,1054,0.491,1.17,0.505,Binghamton,33,324,9.8,409,12.4,0.79
253,253,missouri,32,67.2,23.7,55.1,758,1764,0.43,494,1037,0.47600000000000003,1.22,0.505,Missouri,32,354,11.1,448,14.0,0.79
254,254,eastern washington,34,72.4,25.8,60.0,876,2040,0.429,566,1154,0.49,1.21,0.505,Eastern Washington,34,467,13.7,401,11.8,1.16
255,255,texas a&m-cc,32,66.4,24.2,56.3,774,1803,0.429,572,1182,0.484,1.18,0.485,Texas A&M-CC,32,423,13.2,456,14.3,0.93
256,256,morehead state,33,73.7,25.9,60.4,855,1993,0.429,595,1231,0.483,1.22,0.494,Morehead State,33,440,13.3,402,12.2,1.09
257,257,south florida,32,72.3,23.8,55.4,761,1774,0.429,540,1097,0.49200000000000005,1.3,0.491,South Florida,32,441,13.8,513,16.0,0.86
258,258,rhode island,33,69.5,24.9,58.0,821,1914,0.429,649,1299,0.5,1.2,0.474,Rhode Island,33,401,12.2,405,12.3,0.99
259,259,south carolina state,34,70.2,23.9,55.6,811,1891,0.429,618,1309,0.47200000000000003,1.26,0.48,South Carolina State,34,386,11.4,494,14.5,0.78
260,260,charleston southern,32,76.2,27.2,63.5,871,2032,0.429,554,1131,0.49,1.2,0.507,Charleston Southern,32,459,14.3,414,12.9,1.11
261,261,army,32,70.9,26.2,61.1,837,1956,0.428,565,1093,0.517,1.16,0.49700000000000005,Army,32,499,15.6,376,11.8,1.33
262,262,csu bakersfield,31,71.3,26.2,61.2,811,1896,0.428,599,1258,0.47600000000000003,1.17,0.484,CSU Bakersfield,31,359,11.6,410,13.2,0.88
263,263,duquesne,32,73.5,25.3,59.2,810,1894,0.428,539,1053,0.512,1.24,0.499,Duquesne,32,442,13.8,451,14.1,0.98
264,264,nebraska,34,71.6,25.4,59.3,862,2016,0.428,604,1254,0.48200000000000004,1.21,0.49200000000000005,Nebraska,34,431,12.7,329,9.7,1.31
265,265,youngstown state,32,75.5,27.5,64.3,879,2057,0.42700000000000005,576,1166,0.494,1.17,0.501,Youngstown State,32,449,14.0,422,13.2,1.06
266,266,unlv,31,73.4,25.5,59.7,791,1852,0.42700000000000005,540,1107,0.488,1.23,0.495,UNLV,31,401,12.9,400,12.9,1.0
267,267,vmi,32,76.0,26.3,61.7,843,1974,0.42700000000000005,520,1075,0.484,1.23,0.509,VMI,32,442,13.8,390,12.2,1.13
268,268,florida,34,68.3,23.9,56.1,814,1907,0.42700000000000005,537,1079,0.498,1.22,0.499,Florida,34,416,12.2,400,11.8,1.04
269,269,arkansas-pine bluff,32,65.9,22.5,52.7,719,1685,0.42700000000000005,525,1111,0.473,1.25,0.484,Arkansas-Pine Bluff,32,365,11.4,478,14.9,0.76
270,270,arizona,32,70.9,24.8,58.2,794,1861,0.42700000000000005,559,1162,0.48100000000000004,1.22,0.49,Arizona,32,398,12.4,370,11.6,1.08
271,271,california,31,68.4,23.8,56.0,739,1735,0.426,532,1143,0.465,1.22,0.486,California,31,338,10.9,350,11.3,0.97
272,272,rice,32,74.0,24.8,58.3,795,1867,0.426,518,1070,0.484,1.27,0.5,Rice,32,425,13.3,438,13.7,0.97
273,273,central arkansas,33,72.2,24.5,57.7,810,1903,0.426,534,1119,0.47700000000000004,1.25,0.498,Central Arkansas,33,463,14.0,477,14.5,0.97
274,274,western michigan,32,70.2,24.2,56.9,774,1822,0.425,546,1099,0.49700000000000005,1.23,0.48700000000000004,Western Michigan,32,374,11.7,490,15.3,0.76
275,275,quinnipiac,30,73.8,23.6,55.6,709,1669,0.425,371,771,0.48100000000000004,1.33,0.526,Quinnipiac,30,384,12.8,408,13.6,0.94
276,276,boston college,31,70.8,24.8,58.3,768,1808,0.425,550,1121,0.491,1.21,0.485,Boston College,31,382,12.3,377,12.2,1.01
277,277,eastern kentucky,31,82.6,29.1,68.5,902,2125,0.424,630,1293,0.48700000000000004,1.21,0.488,Eastern Kentucky,31,458,14.8,447,14.4,1.02
278,278,portland state,32,77.3,26.8,63.0,856,2017,0.424,618,1248,0.495,1.23,0.483,Portland State,32,434,13.6,449,14.0,0.97
279,279,providence,33,71.4,24.6,57.9,811,1911,0.424,589,1244,0.473,1.23,0.48200000000000004,Providence,33,475,14.4,436,13.2,1.09
280,280,syracuse,33,69.7,23.8,56.2,787,1856,0.424,525,1061,0.495,1.24,0.495,Syracuse,33,396,12.0,411,12.5,0.96
281,281,oklahoma state,32,68.1,23.8,56.1,760,1796,0.423,480,1043,0.46,1.21,0.501,Oklahoma State,32,422,13.2,389,12.2,1.08
282,282,longwood,32,69.6,23.2,54.8,742,1755,0.423,440,877,0.502,1.27,0.509,Longwood,32,364,11.4,459,14.3,0.79
283,283,nicholls,30,72.4,26.0,61.4,779,1843,0.423,466,993,0.469,1.18,0.508,Nicholls,30,414,13.8,364,12.1,1.14
284,284,south carolina,32,72.7,25.2,59.6,806,1907,0.423,564,1245,0.45299999999999996,1.22,0.486,South Carolina,32,413,12.9,433,13.5,0.95
285,285,st. francis (bkn),32,71.0,25.4,60.2,814,1926,0.423,555,1149,0.483,1.18,0.49,St. Francis (BKN),32,369,11.5,401,12.5,0.92
286,286,pacific,32,66.8,22.2,52.5,710,1681,0.42200000000000004,512,1115,0.45899999999999996,1.27,0.48100000000000004,Pacific,32,325,10.2,426,13.3,0.76
287,287,stony brook,32,71.4,24.7,58.5,790,1872,0.42200000000000004,566,1185,0.478,1.22,0.48200000000000004,Stony Brook,32,358,11.2,458,14.3,0.78
288,288,new mexico,32,76.3,25.4,60.3,814,1929,0.42200000000000004,522,1084,0.48200000000000004,1.27,0.498,New Mexico,32,446,13.9,455,14.2,0.98
289,289,bryant,30,69.6,23.6,56.0,709,1681,0.42200000000000004,479,973,0.49200000000000005,1.24,0.49,Bryant,30,319,10.6,382,12.7,0.84
290,290,niagara,32,72.4,24.8,59.0,795,1887,0.42100000000000004,530,1149,0.461,1.23,0.49200000000000005,Niagara,32,343,10.7,390,12.2,0.88
291,291,miami (oh),32,70.8,24.3,57.7,777,1847,0.42100000000000004,508,1014,0.501,1.23,0.494,Miami (OH),32,349,10.9,413,12.9,0.85
292,292,evansville,32,69.8,23.3,55.5,747,1776,0.42100000000000004,483,1000,0.483,1.26,0.495,Evansville,32,394,12.3,415,13.0,0.95
293,293,vanderbilt,32,68.1,23.0,54.7,736,1750,0.42100000000000004,506,1011,0.5,1.25,0.486,Vanderbilt,32,371,11.6,454,14.2,0.82
294,294,milwaukee,31,69.2,24.7,58.7,765,1820,0.42,528,1128,0.46799999999999997,1.18,0.485,Milwaukee,31,356,11.5,381,12.3,0.93
295,295,saint louis,34,67.4,23.9,57.1,814,1941,0.419,617,1311,0.47100000000000003,1.18,0.47,Saint Louis,34,441,13.0,439,12.9,1.0
296,296,middle tennessee,32,66.9,24.3,58.1,778,1858,0.419,566,1208,0.469,1.15,0.47600000000000003,Middle Tennessee,32,352,11.0,512,16.0,0.69
297,297,rutgers,31,67.9,24.9,59.4,771,1842,0.419,580,1230,0.47200000000000003,1.14,0.47,Rutgers,31,390,12.6,407,13.1,0.96
298,298,detroit mercy,31,73.5,25.3,60.5,784,1874,0.418,490,1049,0.467,1.22,0.49700000000000005,Detroit Mercy,31,319,10.3,355,11.5,0.9
299,299,siu-edwardsville,31,73.1,25.6,61.2,794,1898,0.418,593,1233,0.48100000000000004,1.19,0.47100000000000003,SIU-Edwardsville,31,382,12.3,437,14.1,0.87
300,300,east carolina,31,67.4,24.2,57.8,749,1791,0.418,594,1246,0.47700000000000004,1.17,0.461,East Carolina,31,382,12.3,414,13.4,0.92
301,301,arkansas state,32,73.7,24.9,59.5,796,1904,0.418,559,1195,0.46799999999999997,1.24,0.48,Arkansas State,32,363,11.3,448,14.0,0.81
302,302,pittsburgh,33,69.9,23.3,55.8,769,1841,0.418,544,1161,0.469,1.25,0.479,Pittsburgh,33,387,11.7,448,13.6,0.86
303,303,mt. st. mary's,31,67.5,23.6,56.6,733,1755,0.418,510,1032,0.494,1.19,0.48100000000000004,Mt. St. Mary's,31,354,11.4,410,13.2,0.86
304,304,penn state,32,69.7,24.7,59.3,791,1898,0.41700000000000004,569,1205,0.47200000000000003,1.17,0.475,Penn State,32,389,12.2,399,12.5,0.97
305,305,ut rio grande valley,35,70.7,23.9,57.3,836,2006,0.41700000000000004,649,1416,0.45799999999999996,1.23,0.46299999999999997,UT Rio Grande Valley,35,461,13.2,449,12.8,1.03
306,306,wyoming,32,65.8,21.6,51.8,690,1656,0.41700000000000004,442,936,0.47200000000000003,1.27,0.49200000000000005,Wyoming,32,331,10.3,450,14.1,0.74
307,307,northern iowa,34,65.1,22.6,54.3,769,1847,0.41600000000000004,493,1055,0.467,1.2,0.491,Northern Iowa,34,370,10.9,393,11.6,0.94
308,308,albany,32,67.2,22.8,54.7,728,1750,0.41600000000000004,454,960,0.473,1.23,0.494,Albany,32,402,12.6,453,14.2,0.89
309,309,tennessee tech,31,67.9,23.9,57.5,742,1784,0.41600000000000004,529,1164,0.45399999999999996,1.18,0.47600000000000003,Tennessee Tech,31,389,12.5,517,16.7,0.75
310,310,charlotte,29,61.2,20.6,49.7,598,1442,0.415,407,827,0.49200000000000005,1.23,0.48100000000000004,Charlotte,29,288,9.9,420,14.5,0.69
311,311,monmouth,35,65.3,22.7,54.7,794,1916,0.414,626,1350,0.46399999999999997,1.19,0.45799999999999996,Monmouth,35,379,10.8,501,14.3,0.76
312,312,central connecticut,31,71.1,24.3,58.7,754,1821,0.414,553,1209,0.457,1.21,0.469,Central Connecticut,31,353,11.4,427,13.8,0.83
313,313,south carolina upstate,32,67.8,24.2,58.5,775,1872,0.414,506,1055,0.48,1.16,0.486,South Carolina Upstate,32,434,13.6,440,13.8,0.99
314,314,portland,32,64.9,22.1,53.4,707,1708,0.414,491,1044,0.47,1.22,0.47700000000000004,Portland,32,369,11.5,425,13.3,0.87
315,315,west virginia,34,73.1,24.7,59.9,841,2036,0.413,588,1238,0.475,1.22,0.475,West Virginia,34,454,13.4,535,15.7,0.85
316,316,alcorn state,31,64.4,22.9,55.5,709,1721,0.41200000000000003,498,1075,0.46299999999999997,1.16,0.473,Alcorn State,31,391,12.6,492,15.9,0.79
317,317,florida atlantic,32,70.5,24.6,59.8,788,1913,0.41200000000000003,509,1048,0.486,1.18,0.485,Florida Atlantic,32,407,12.7,471,14.7,0.86
318,318,cal poly,29,66.6,24.3,59.1,706,1715,0.41200000000000003,481,1028,0.46799999999999997,1.13,0.47700000000000004,Cal Poly,29,301,10.4,334,11.5,0.9
319,319,princeton,28,69.6,24.5,59.5,685,1666,0.41100000000000003,478,987,0.484,1.17,0.473,Princeton,28,295,10.5,354,12.6,0.83
320,320,tulane,31,67.2,23.6,57.5,733,1783,0.41100000000000003,520,1113,0.467,1.17,0.47100000000000003,Tulane,31,444,14.3,467,15.1,0.95
321,321,ut arlington,32,69.4,23.7,57.6,758,1844,0.41100000000000003,531,1104,0.48100000000000004,1.2,0.473,UT Arlington,32,409,12.8,453,14.2,0.9
322,322,old dominion,34,66.2,23.7,57.6,805,1959,0.41100000000000003,547,1228,0.445,1.15,0.47700000000000004,Old Dominion,34,435,12.8,399,11.7,1.09
323,323,navy,31,66.5,23.6,57.6,732,1786,0.41,524,1130,0.46399999999999997,1.15,0.46799999999999997,Navy,31,399,12.9,437,14.1,0.91
324,324,chicago state,32,61.6,22.4,54.8,718,1752,0.41,577,1281,0.45,1.12,0.45,Chicago State,32,376,11.8,512,16.0,0.73
325,325,akron,33,68.8,24.2,59.0,797,1948,0.409,500,1019,0.491,1.17,0.485,Akron,33,399,12.1,387,11.7,1.03
326,326,saint joseph's,33,70.5,24.0,58.9,793,1943,0.408,513,1074,0.478,1.2,0.48,Saint Joseph's,33,397,12.0,305,9.2,1.3
327,327,alabama a&m,32,60.6,23.0,56.5,736,1809,0.40700000000000003,554,1230,0.45,1.07,0.457,Alabama A&M,32,385,12.0,492,15.4,0.78
328,328,wichita state,33,70.7,25.1,61.7,828,2037,0.406,581,1240,0.469,1.15,0.467,Wichita State,33,452,13.7,392,11.9,1.15
329,329,northwestern state,31,66.2,23.4,57.7,725,1790,0.405,535,1144,0.46799999999999997,1.15,0.45799999999999996,Northwestern State,31,340,11.0,497,16.0,0.68
330,330,manhattan,32,57.3,20.3,50.3,651,1608,0.405,432,947,0.456,1.14,0.473,Manhattan,32,360,11.3,485,15.2,0.74
331,331,stetson,31,69.4,25.6,63.3,794,1962,0.405,579,1278,0.45299999999999996,1.1,0.45899999999999996,Stetson,31,418,13.5,396,12.8,1.06
332,332,george washington,33,63.5,22.6,55.8,745,1842,0.40399999999999997,549,1211,0.45299999999999996,1.14,0.45799999999999996,George Washington,33,375,11.4,412,12.5,0.91
333,333,jackson state,32,61.7,22.4,55.4,717,1774,0.40399999999999997,562,1220,0.461,1.11,0.44799999999999995,Jackson State,32,359,11.2,437,13.7,0.82
334,334,san josé st,31,65.9,23.0,56.9,713,1765,0.40399999999999997,503,1124,0.44799999999999995,1.16,0.46299999999999997,San José St,31,423,13.6,485,15.6,0.87
335,335,alabama state,31,67.3,23.0,56.9,712,1764,0.40399999999999997,496,1090,0.455,1.18,0.465,Alabama State,31,313,10.1,450,14.5,0.7
336,336,unc asheville,31,59.9,21.1,52.5,655,1627,0.40299999999999997,432,940,0.46,1.14,0.47100000000000003,UNC Asheville,31,331,10.7,455,14.7,0.73
337,337,northwestern,32,65.9,23.0,57.1,735,1827,0.402,502,1083,0.46399999999999997,1.15,0.466,Northwestern,32,451,14.1,348,10.9,1.3
338,338,fordham,32,65.9,23.7,59.1,759,1890,0.402,483,1059,0.456,1.12,0.475,Fordham,32,360,11.3,345,10.8,1.04
339,339,utep,29,64.1,22.0,54.9,639,1592,0.401,440,972,0.45299999999999996,1.17,0.46399999999999997,UTEP,29,307,10.6,466,16.1,0.66
340,340,la salle,31,67.5,23.2,58.0,719,1798,0.4,460,1015,0.45299999999999996,1.16,0.47200000000000003,La Salle,31,391,12.6,434,14.0,0.9
341,341,savannah state,31,76.1,26.6,67.1,825,2080,0.397,474,881,0.5379999999999999,1.13,0.48100000000000004,Savannah State,31,462,14.9,478,15.4,0.97
342,342,morgan state,30,72.0,25.3,64.0,758,1920,0.395,590,1399,0.42200000000000004,1.13,0.439,Morgan State,30,358,11.9,402,13.4,0.89
343,343,wake forest,31,68.4,23.0,58.5,714,1812,0.39399999999999996,517,1172,0.441,1.17,0.44799999999999995,Wake Forest,31,330,10.6,417,13.5,0.79
344,344,notre dame,33,68.7,23.5,59.8,776,1973,0.39299999999999996,504,1110,0.45399999999999996,1.15,0.462,Notre Dame,33,423,12.8,305,9.2,1.39
345,345,maryland-eastern shore,32,57.3,20.8,53.3,666,1705,0.391,494,1095,0.451,1.08,0.441,Maryland-Eastern Shore,32,361,11.3,431,13.5,0.84
346,346,north alabama,32,67.0,23.3,59.8,744,1914,0.389,504,1109,0.45399999999999996,1.12,0.451,North Alabama,32,334,10.4,437,13.7,0.76
347,347,coppin state,33,64.2,21.5,55.4,710,1827,0.389,470,986,0.47700000000000004,1.16,0.45399999999999996,Coppin State,33,326,9.9,553,16.8,0.59
348,348,wagner,30,65.8,21.8,56.5,655,1696,0.386,419,923,0.45399999999999996,1.16,0.456,Wagner,30,351,11.7,414,13.8,0.85
349,349,kennesaw state,32,63.4,23.2,60.8,742,1945,0.381,606,1507,0.402,1.04,0.41600000000000004,Kennesaw State,32,362,11.3,437,13.7,0.83
350,350,mississippi valley state,32,64.3,22.8,60.1,730,1923,0.38,558,1369,0.408,1.07,0.424,Mississippi Valley State,32,361,11.3,415,13.0,0.87
351,351,new hampshire,29,60.1,21.5,57.1,623,1656,0.376,362,869,0.41700000000000004,1.05,0.455,New Hampshire,29,325,11.2,356,12.3,0.91
352,352,delaware state,31,63.1,22.4,63.3,695,1963,0.354,461,1174,0.39299999999999996,1.0,0.414,Delaware State,31,333,10.7,434,14.0,0.77
